MAE,R2 Score
2477.0593428397924,0.8654957765865128
