Model,MAE,R^2
LinearRegression,4181.1944737536505,0.7835929767120723
RandomForestRegressor,2550.228686354542,0.8653640202389471
FeedForwardNN,3088.7714421517026,0.8011129766157477

